,Player,Tm,FantPos,Age,G,GS,Cmp,Att,Yds,TD,Int,Att,Yds,Y/A,TD,Tgt,Rec,Yds,Y/R,TD,Fmb,FL,TD,2PM,2PP,FantPt,PPR,DKPt,FDPt,VBD,PosRank,OvRank
0,Lamar Jackson,BAL,QB,25,3,3,56,88,749,10,2,26,243,9.35,2,0,0,0,,0,1,0,2,,,102,102.3,110.3,104.3,50,1,1
1,Nick Chubb,CLE,RB,27,3,3,0,0,0,0,0,62,341,5.50,4,5,4,28,7.00,0,0,0,4,,,61,64.9,67.9,62.9,36,1,2
2,Josh Allen,BUF,QB,26,3,3,94,132,1014,9,2,19,113,5.95,1,0,0,0,,0,3,1,1,,,88,87.9,96.9,89.9,35,2,3
3,Jalen Hurts,PHI,QB,24,3,3,66,98,916,4,1,37,167,4.51,3,0,0,0,,0,1,0,3,,,85,85.3,92.3,86.3,33,3,4
4,Stefon Diggs,BUF,WR,29,3,3,0,0,0,0,0,0,0,,0,35,27,344,12.74,4,0,0,4,,,58,85.4,88.4,71.9,33,1,5
5,Saquon Barkley,NYG,RB,25,3,3,0,0,0,0,0,53,317,5.98,2,15,13,91,7.00,0,1,0,2,1,,55,67.8,70.8,61.3,30,2,6
6,Jaylen Waddle,MIA,WR,24,3,3,0,0,0,0,0,2,17,8.50,0,30,19,342,18.00,3,0,0,3,,,54,72.9,75.9,63.4,28,2,7
7,Mark Andrews,BAL,TE,27,3,3,0,0,0,0,0,1,3,3.00,0,31,22,245,11.14,3,0,0,3,,,43,64.8,67.8,53.8,26,1,8
8,Cooper Kupp,LAR,WR,29,3,3,0,0,0,0,0,1,20,20.00,1,35,28,280,10.00,3,1,1,4,,,52,80.0,84.0,66.0,26,3,9
9,James Robinson,JAX,RB,24,3,3,0,0,0,0,0,51,230,4.51,3,7,6,33,5.50,1,0,0,4,,,50,56.3,59.3,53.3,25,3,10
10,Amon-Ra St. Brown,DET,WR,23,3,3,0,0,0,0,0,2,68,34.00,0,33,23,253,11.00,3,0,0,3,,,50,73.1,76.1,61.6,24,4,11
11,Travis Kelce,KAN,TE,33,3,3,0,0,0,0,0,1,1,1.00,0,24,17,230,13.53,2,0,0,2,1,,37,54.1,57.1,45.6,21,2,12
12,Cordarrelle Patterson,ATL,RB,31,3,2,0,0,0,0,0,49,302,6.16,2,7,4,28,7.00,0,0,0,2,,,45,49.0,52.0,47.0,20,4,13
13,Christian Kirk,JAX,WR,26,3,3,0,0,0,0,0,0,0,,0,27,18,267,14.83,3,0,0,3,,,45,62.7,65.7,53.7,19,5,14
14,Tyreek Hill,MIA,WR,28,3,3,0,0,0,0,0,1,6,6.00,0,29,21,317,15.10,2,1,0,2,,,44,65.3,68.3,54.8,19,6,15
15,Jamaal Williams,DET,RB,27,3,0,0,0,0,0,0,43,168,3.91,4,5,4,29,7.25,0,0,0,4,,,44,47.7,50.7,45.7,18,5,16
16,Khalil Herbert,CHI,RB,24,3,0,0,0,0,0,0,33,240,7.27,3,4,4,13,3.25,0,0,0,3,,,43,47.3,50.3,45.3,18,6,17
17,D'Andre Swift,DET,RB,23,3,3,0,0,0,0,0,27,231,8.56,1,12,8,77,9.63,1,0,0,2,,,43,50.8,53.8,46.8,18,7,18
18,Patrick Mahomes,KAN,QB,27,3,3,74,109,857,8,1,9,30,3.33,0,0,0,0,,0,1,0,0,,1,69,69.3,73.3,70.3,17,4,19
19,Clyde Edwards-Helaire,KAN,RB,23,3,3,0,0,0,0,0,22,116,5.27,1,12,12,115,9.58,2,0,0,3,,,41,53.1,59.1,47.1,16,8,20
20,Aaron Jones,GNB,RB,28,3,3,0,0,0,0,0,32,217,6.78,1,12,9,76,8.44,1,1,1,2,,,39,48.3,52.3,43.8,14,9,21
21,Jonathan Taylor,IND,RB,23,3,3,0,0,0,0,0,61,286,4.69,1,13,8,43,5.38,0,0,0,1,,,39,46.9,49.9,42.9,14,10,22
22,Tua Tagovailoa,MIA,QB,24,3,3,72,101,925,8,2,4,1,0.25,0,0,0,0,,0,1,0,0,,,65,65.1,70.1,67.1,13,5,23
23,Derrick Henry ,TEN,RB,28,3,3,0,0,0,0,0,54,192,3.56,2,7,5,58,11.60,0,1,0,2,,,37,42.0,45.0,39.5,12,11,24
24,Carson Wentz,WAS,QB,30,3,3,82,130,861,7,3,11,57,5.18,0,0,0,0,,0,3,1,0,,2,64,64.1,71.1,67.1,12,6,25
25,A.J. Brown,PHI,WR,25,3,3,0,0,0,0,0,0,0,,0,31,20,309,15.45,1,0,0,1,,,37,56.9,59.9,46.9,11,7,26
26,Justin Jefferson,MIN,WR,23,3,3,0,0,0,0,0,0,0,,0,29,18,246,13.67,2,0,0,2,,,37,54.6,57.6,45.6,11,8,27
27,Christian McCaffrey,CAR,RB,26,3,3,0,0,0,0,0,50,243,4.86,1,14,10,57,5.70,0,0,0,1,,,36,46.0,49.0,41.0,11,12,28
28,Davante Adams,LVR,WR,30,3,3,0,0,0,0,0,1,-4,-4.00,0,34,17,189,11.12,3,0,0,3,,,37,53.5,56.5,45.0,11,9,29
30,Devin Duvernay,BAL,WR,25,3,3,0,0,0,0,0,2,-2,-1.00,0,8,8,121,15.13,3,0,0,4,,,36,43.9,46.9,39.9,10,10,30
31,Drake London,ATL,WR,21,3,2,0,0,0,0,0,0,0,,0,25,16,214,13.38,2,0,0,2,1,,35,51.4,54.4,43.4,10,11,31
32,Michael Thomas,NOR,WR,29,3,3,0,0,0,0,0,0,0,,0,22,16,171,10.69,3,0,0,3,,,35,51.1,54.1,43.1,9,12,32
33,Amari Cooper,CLE,WR,28,3,3,0,0,0,0,0,0,0,,0,27,19,219,11.53,2,0,0,2,,,34,52.9,55.9,43.4,8,13,33
34,Antonio Gibson ,WAS,RB,24,3,3,0,0,0,0,0,40,124,3.10,2,13,10,87,8.70,0,0,0,2,,,33,43.1,46.1,38.1,8,13,34
35,Curtis Samuel,WAS,WR,26,3,2,0,0,0,0,0,8,51,6.38,0,30,22,181,8.23,2,1,1,2,,,33,55.2,59.2,44.2,7,15,35
36,Garrett Wilson,NYJ,WR,22,3,2,0,0,0,0,0,1,-2,-2.00,0,32,18,214,11.89,2,0,0,2,,,33,51.2,54.2,42.2,7,14,36
37,Kyler Murray,ARI,QB,25,3,3,90,141,784,3,1,12,65,5.42,1,0,0,0,,0,1,0,1,1,2,60,59.9,63.9,60.9,7,7,37
38,Kareem Hunt,CLE,RB,27,3,0,0,0,0,0,0,36,151,4.19,1,10,9,54,6.00,1,0,0,2,,,33,41.5,44.5,37.0,7,14,38
39,Rashod Bateman,BAL,WR,23,3,2,0,0,0,0,0,0,0,,0,16,8,226,28.25,2,1,1,2,,,33,40.6,44.6,36.6,7,16,39
40,Justin Herbert,LAC,QB,24,3,3,84,127,910,7,2,7,9,1.29,0,0,0,0,,0,1,1,0,,,59,59.3,65.3,61.3,7,8,40
41,Dallas Goedert,PHI,TE,27,3,3,0,0,0,0,0,0,0,,0,14,11,168,15.27,1,0,0,1,,,23,33.8,36.8,28.3,6,3,41
42,Damien Harris,NWE,RB,25,3,3,0,0,0,0,0,35,160,4.57,2,8,6,31,5.17,0,0,0,2,,,31,37.1,40.1,34.1,6,15,42
43,Ja'Marr Chase,CIN,WR,22,3,3,0,0,0,0,0,3,2,0.67,0,35,21,212,10.10,2,1,1,2,,,31,52.4,56.4,41.9,6,17,43
44,Marquise Brown,ARI,WR,25,3,3,0,0,0,0,0,0,0,,0,34,24,251,10.46,1,0,0,1,,,31,55.1,58.1,43.1,5,18,44
45,Joe Burrow,CIN,QB,26,3,3,80,125,812,6,4,15,73,4.87,0,0,0,0,,0,3,1,0,,2,58,57.8,65.8,61.8,5,9,45
46,DeVonta Smith,PHI,WR,24,3,3,0,0,0,0,0,0,0,,0,23,15,249,16.60,1,0,0,1,,,31,45.9,48.9,38.4,5,19,46
47,Zach Ertz,ARI,TE,32,3,3,0,0,0,0,0,0,0,,0,25,16,134,8.38,1,0,0,1,1,,21,37.4,40.4,29.4,5,4,47
48,Darren Waller,LVR,TE,30,3,3,0,0,0,0,0,0,0,,0,19,13,151,11.62,1,0,0,1,,,21,34.1,37.1,27.6,5,5,48
49,Gerald Everett,LAC,TE,28,3,3,0,0,0,0,0,0,0,,0,20,11,150,13.64,1,0,0,1,,,21,32.0,35.0,26.5,5,6,49
50,Trevor Lawrence,JAX,QB,23,3,3,77,111,772,6,1,8,22,2.75,0,0,0,0,,0,0,0,0,,1,57,57.1,61.1,58.1,4,10,50
51,Terry McLaurin,WAS,WR,27,3,3,0,0,0,0,0,1,7,7.00,0,21,12,235,19.58,1,0,0,1,,,30,42.2,45.2,36.2,4,20,51
52,Mack Hollins,LVR,WR,29,3,2,1,1,4,0,0,0,0,,0,19,14,240,17.14,1,0,0,1,,,30,44.2,47.2,37.2,4,21,52
53,Miles Sanders,PHI,RB,25,3,3,0,0,0,0,0,45,222,4.93,1,6,6,13,2.17,0,0,0,1,,,30,35.5,38.5,32.5,4,16,53
54,Jahan Dotson,WAS,WR,22,3,3,0,0,0,0,0,1,-10,-10.00,0,18,9,109,12.11,3,0,0,3,1,,30,38.9,41.9,34.4,4,22,54
55,Courtland Sutton,DEN,WR,27,3,3,0,0,0,0,0,1,5,5.00,0,28,19,291,15.32,0,0,0,0,,,30,48.6,51.6,39.1,4,23,55
56,Tyler Boyd,CIN,WR,28,3,1,0,0,0,0,0,0,0,,0,14,10,155,15.50,2,0,0,2,1,,30,39.5,42.5,34.5,4,24,56
57,Tyler Conklin,NYJ,TE,27,3,3,0,0,0,0,0,0,0,,0,24,18,140,7.78,1,2,0,1,,,20,38.0,41.0,29.0,4,7,57
58,Pat Freiermuth,PIT,TE,24,3,3,0,0,0,0,0,0,0,,0,21,11,138,12.55,1,0,0,1,,,20,30.8,33.8,25.3,3,8,58
59,Will Dissly,SEA,TE,26,3,3,0,0,0,0,0,0,0,,0,8,8,77,9.63,2,0,0,2,,,20,27.7,27.7,23.7,3,9,59
61,Tony Pollard,DAL,RB,25,3,1,0,0,0,0,0,28,156,5.57,1,10,6,69,11.50,0,0,0,1,,,29,34.5,37.5,31.5,3,17,60
62,Jared Goff,DET,QB,28,3,3,66,112,748,7,2,6,15,2.50,0,0,0,0,,0,1,0,0,,,55,55.4,60.4,57.4,3,11,61
63,Leonard Fournette,TAM,RB,27,3,3,0,0,0,0,0,57,227,3.98,0,12,9,54,6.00,0,0,0,0,,,28,37.1,40.1,32.6,3,18,62
64,Dalvin Cook,MIN,RB,27,3,3,0,0,0,0,0,43,203,4.72,1,11,7,37,5.29,0,1,1,1,,,28,35.0,39.0,31.5,3,19,63
65,Dameon Pierce,HOU,RB,22,3,3,0,0,0,0,0,46,182,3.96,1,4,4,35,8.75,0,2,0,1,,,28,31.7,34.7,29.7,2,20,64
66,Deebo Samuel,SFO,WR,26,3,3,0,0,0,0,0,17,111,6.53,1,21,12,131,10.92,0,2,1,1,,,28,40.2,47.2,34.2,2,25,65
67,Najee Harris,PIT,RB,24,3,3,0,0,0,0,0,40,128,3.20,1,11,10,48,4.80,1,1,1,2,,,28,37.6,41.6,32.6,2,21,66
68,David Njoku,CLE,TE,26,3,3,0,0,0,0,0,0,0,,0,16,13,128,9.85,1,0,0,1,,,19,31.8,34.8,25.3,2,10,67
69,Noah Brown,DAL,WR,26,3,3,0,0,0,0,0,0,0,,0,21,15,213,14.20,1,0,0,1,,,27,42.3,45.3,34.8,2,26,68
70,Joe Mixon,CIN,RB,26,3,3,0,0,0,0,0,58,163,2.81,0,20,13,103,7.92,0,0,0,0,,,27,39.6,45.6,33.1,1,22,69
71,Chris Olave,NOR,WR,22,3,1,0,0,0,0,0,0,0,,0,29,17,268,15.76,0,1,1,0,1,,27,43.8,47.8,35.3,1,27,70
72,Tyler Higbee,LAR,TE,29,3,3,0,0,0,0,0,0,0,,0,24,16,171,10.69,0,0,0,0,,,17,33.1,36.1,25.1,1,11,71
73,AJ Dillon ,GNB,RB,24,3,0,0,0,0,0,0,40,138,3.45,1,12,8,58,7.25,0,0,0,1,,,26,33.6,36.6,29.6,,23,72
74,Greg Dortch,ARI,WR,24,3,2,0,0,0,0,0,0,0,,0,23,20,198,9.90,1,0,0,1,,,26,45.8,48.8,35.8,,29,73
75,O.J. Howard,HOU,TE,28,3,2,0,0,0,0,0,0,0,,0,4,3,45,15.00,2,0,0,2,,,17,19.5,19.5,18.0,,12,74
76,Derek Carr,LVR,QB,31,3,3,73,120,850,6,4,3,26,8.67,0,0,0,0,,0,2,0,0,,,53,52.6,59.6,56.6,,12,75
77,Tory Carter,TEN,,23,3,2,0,0,0,0,0,0,0,,0,0,0,0,,0,0,0,0,,,,,,,,1,76
78,Mike Williams,LAC,WR,28,3,3,0,0,0,0,0,0,0,,0,20,11,138,12.55,2,0,0,2,,,26,36.8,39.8,31.3,,30,77
79,Isaiah McKenzie,BUF,WR,27,3,3,0,0,0,0,0,1,6,6.00,0,15,11,132,12.00,2,0,0,2,,,26,36.8,39.8,31.3,,28,78
80,Marcus Mariota,ATL,QB,29,3,3,50,79,640,3,3,25,92,3.68,2,0,0,0,,0,5,3,2,,1,49,48.8,57.8,51.8,,13,
81,Kirk Cousins,MIN,QB,34,3,3,74,119,758,5,3,3,19,6.33,0,0,0,0,,0,1,0,0,,,46,46.2,52.2,49.2,,14,
82,Joe Flacco,NYJ,QB,37,3,3,91,155,901,5,3,3,6,2.00,0,0,0,0,,0,4,3,0,,,45,44.6,53.6,47.6,,15,
83,Jacoby Brissett,CLE,QB,30,3,3,61,92,596,4,1,13,64,4.92,0,0,0,0,,0,0,0,0,,,44,44.2,48.2,45.2,,16,
84,Jameis Winston,NOR,QB,28,3,3,73,115,858,4,5,5,16,3.20,0,0,0,0,,0,3,0,0,,1,44,43.9,51.9,48.9,,17,
85,Daniel Jones,NYG,QB,25,3,3,59,92,560,3,2,25,125,5.00,0,0,0,0,,0,1,1,0,,1,43,42.9,51.9,44.9,,18,
86,Baker Mayfield,CAR,QB,27,3,3,42,81,550,3,1,12,40,3.33,1,0,0,0,,0,5,0,1,,,42,42.0,46.0,43.0,,20,
87,Geno Smith,SEA,QB,32,3,3,79,102,717,4,2,10,15,1.50,0,0,0,0,,0,1,0,0,,,42,42.2,47.2,44.2,,19,
88,Ryan Tannehill,TEN,QB,34,3,3,50,80,647,3,3,7,11,1.57,1,0,0,0,,0,1,0,1,,,39,39.0,45.0,42.0,,22,
89,Mitchell Trubisky,PIT,QB,28,3,3,62,103,569,2,1,6,23,3.83,1,0,0,0,,0,0,0,1,,1,39,39.1,43.1,40.1,,21,
90,Russell Wilson,DEN,QB,34,3,3,63,106,743,2,1,9,22,2.44,0,0,0,0,,0,0,0,0,,,38,37.9,41.9,38.9,,23,
92,Mac Jones,NWE,QB,24,3,3,64,97,786,2,5,14,37,2.64,1,0,0,0,,0,1,1,1,,,37,37.1,46.1,42.1,,24,
93,Matthew Stafford,LAR,QB,34,3,3,74,102,761,4,5,4,4,1.00,0,0,0,0,,0,1,0,0,,,37,36.8,44.8,41.8,,25,
94,Aaron Rodgers,GNB,QB,39,3,3,68,94,684,4,2,7,8,1.14,0,0,0,0,,0,2,2,0,,,36,36.2,43.2,38.2,,26,
95,Tom Brady,TAM,QB,45,3,3,67,103,673,3,1,6,-4,-0.67,0,0,0,0,,0,1,1,0,,,35,34.5,39.5,35.5,,27,
96,Matt Ryan,IND,QB,37,3,3,75,117,769,3,4,7,16,2.29,0,0,0,0,,0,7,2,0,,,32,32.4,41.4,36.4,,29,
97,Davis Mills,HOU,QB,24,3,3,62,107,662,3,2,4,0,0.00,0,0,0,0,,0,3,1,0,,,32,32.5,38.5,34.5,,28,
98,Cooper Rush,DAL,QB,29,3,2,47,75,514,2,0,3,0,0.00,0,0,0,0,,0,0,0,0,,,29,28.6,31.6,28.6,,30,
99,Justin Fields,CHI,QB,23,3,3,23,45,297,2,4,27,95,3.52,1,0,0,0,,0,3,0,1,,,27,27.4,31.4,31.4,,31,
100,CeeDee Lamb,DAL,WR,23,3,3,0,0,0,0,0,1,6,6.00,0,34,17,191,11.24,1,0,0,1,,,26,42.7,45.7,34.2,,31,
101,Tee Higgins,CIN,WR,23,3,3,0,0,0,0,0,0,0,,0,19,13,191,14.69,1,0,0,1,,,25,38.1,41.1,31.6,,33,
102,Michael Pittman Jr.,IND,WR,25,2,2,0,0,0,0,0,0,0,,0,22,17,193,11.35,1,0,0,1,,,25,42.3,45.3,33.8,,32,
103,Chase Edmonds,MIA,RB,26,3,2,0,0,0,0,0,23,79,3.43,2,8,6,54,9.00,0,0,0,2,,,25,31.3,31.3,28.3,,24,
104,Corey Davis,NYJ,WR,27,3,1,0,0,0,0,0,0,0,,0,19,10,187,18.70,1,0,0,1,,,25,34.7,37.7,29.7,,34,
105,Breece Hall,NYJ,RB,21,3,0,0,0,0,0,0,21,112,5.33,0,21,13,101,7.77,1,1,1,1,,,25,38.3,45.3,31.8,,25,
106,Josh Jacobs,LVR,RB,24,3,3,0,0,0,0,0,42,192,4.57,0,8,7,59,8.43,0,1,0,0,,,25,32.1,35.1,28.6,,26,
107,Jimmy Garoppolo,SFO,QB,31,2,1,31,50,365,2,1,5,5,1.00,1,0,0,0,,0,1,1,1,,,25,25.1,30.1,26.1,,32,
108,Rhamondre Stevenson,NWE,RB,24,3,0,0,0,0,0,0,29,145,5.00,1,9,7,34,4.86,0,0,0,1,,,24,30.9,33.9,27.4,,27,
109,Devin Singletary,BUF,RB,25,3,3,0,0,0,0,0,23,80,3.48,0,16,13,94,7.23,1,0,0,1,,,23,36.4,36.4,29.9,,28,
110,Ezekiel Elliott,DAL,RB,27,3,3,0,0,0,0,0,40,178,4.45,1,5,3,-5,-1.67,0,0,0,1,,,23,26.3,29.3,24.8,,29,
111,Javonte Williams,DEN,RB,22,3,3,0,0,0,0,0,37,176,4.76,0,21,15,77,5.13,0,1,1,0,,,23,38.3,42.3,30.8,,30,
112,Zay Jones,JAX,WR,27,3,2,0,0,0,0,0,1,0,0.00,0,24,19,173,9.11,1,0,0,1,,,23,42.3,45.3,32.8,,35,
113,Dontrell Hilliard,TEN,RB,27,2,0,0,0,0,0,0,4,22,5.50,0,5,4,91,22.75,2,0,0,2,,,23,27.3,27.3,25.3,,31,
114,James Conner,ARI,RB,27,3,3,0,0,0,0,0,30,90,3.00,1,15,10,73,7.30,0,1,0,1,,,22,32.3,32.3,27.3,,32,
115,Melvin Gordon,DEN,RB,29,3,0,0,0,0,0,0,34,131,3.85,1,9,8,49,6.13,0,3,1,1,,,22,30.0,34.0,26.0,,33,
116,Josh Reynolds,DET,WR,27,3,3,0,0,0,0,0,0,0,,0,16,10,162,16.20,1,0,0,1,,,22,32.2,35.2,27.2,,36,
117,Diontae Johnson,PIT,WR,26,3,3,0,0,0,0,0,0,0,,0,33,21,196,9.33,0,1,0,0,1,,22,42.6,45.6,32.1,,37,
118,Austin Ekeler,LAC,RB,27,3,3,0,0,0,0,0,32,80,2.50,0,22,21,139,6.62,0,0,0,0,,,22,42.9,45.9,32.4,,34,
119,Jeff Wilson,SFO,RB,27,3,2,0,0,0,0,0,39,181,4.64,0,7,7,58,8.29,0,1,1,0,,,22,28.9,32.9,25.4,,35,
120,Romeo Doubs,GNB,WR,22,3,1,0,0,0,0,0,1,11,11.00,0,16,14,137,9.79,1,1,0,1,,,21,34.8,37.8,27.8,,42,
121,Adam Thielen,MIN,WR,32,3,3,0,0,0,0,0,0,0,,0,19,13,149,11.46,1,0,0,1,,,21,33.9,36.9,27.4,,40,
123,Sterling Shepard,NYG,WR,29,3,2,0,0,0,0,0,0,0,,0,24,13,154,11.85,1,0,0,1,,,21,34.4,37.4,27.9,,38,
124,DeAndre Carter,LAC,WR,29,3,2,0,0,0,0,0,1,-5,-5.00,0,11,9,150,16.67,1,0,0,1,,,21,29.5,32.5,25.0,,43,
125,Tyler Lockett,SEA,WR,30,3,3,0,0,0,0,0,0,0,,0,26,21,211,10.05,0,0,0,0,,,21,42.1,45.1,31.6,,39,
126,Brandon Aiyuk,SFO,WR,24,3,3,0,0,0,0,0,1,7,7.00,0,19,10,142,14.20,1,0,0,1,,,21,30.9,33.9,25.9,,41,
127,David Montgomery,CHI,RB,25,3,3,0,0,0,0,0,35,159,4.54,0,6,5,38,7.60,0,0,0,0,,,20,24.7,27.7,22.2,,36,
128,Nelson Agholor,NWE,WR,29,3,1,0,0,0,0,0,0,0,,0,14,11,179,16.27,1,2,2,1,,,20,30.9,35.9,25.4,,44,
129,Michael Carter,NYJ,RB,23,3,3,0,0,0,0,0,28,122,4.36,0,16,13,74,5.69,0,0,0,0,,,20,32.6,35.6,26.1,,38,
130,Darrell Henderson,LAR,RB,25,3,3,0,0,0,0,0,27,111,4.11,1,6,5,26,5.20,0,0,0,1,,,20,24.7,27.7,22.2,,37,
131,Josh Palmer,LAC,WR,24,3,3,0,0,0,0,0,1,4,4.00,0,21,13,134,10.31,1,0,0,1,,,20,32.8,35.8,26.3,,45,
132,Gabriel Davis,BUF,WR,23,2,2,0,0,0,0,0,0,0,,0,11,7,125,17.86,1,0,0,1,,,19,25.5,28.5,22.0,,49,
133,Robbie Anderson,CAR,WR,29,3,3,0,0,0,0,0,0,0,,0,17,9,148,16.44,1,1,1,1,,,19,27.8,31.8,23.3,,48,
134,Jerry Jeudy,DEN,WR,23,3,3,0,0,0,0,0,1,1,1.00,0,16,7,130,18.57,1,0,0,1,,,19,26.1,29.1,22.6,,47,
135,Travis Etienne,JAX,RB,23,3,0,0,0,0,0,0,26,112,4.31,0,10,8,81,10.13,0,1,0,0,,,19,27.3,30.3,23.3,,39,
136,Mike Evans,TAM,WR,29,2,2,0,0,0,0,0,0,0,,0,11,8,132,16.50,1,0,0,1,,,19,27.2,30.2,23.2,,46,
137,Equanimeous St. Brown,CHI,WR,26,3,3,0,0,0,0,0,2,43,21.50,0,9,4,77,19.25,1,0,0,1,,,18,22.0,22.0,20.0,,50,
138,Allen Lazard ,GNB,WR,27,2,2,0,0,0,0,0,0,0,,0,9,6,58,9.67,2,0,0,2,,,18,23.8,23.8,20.8,,51,
139,D.K. Metcalf,SEA,WR,25,3,3,0,0,0,0,0,0,0,,0,25,16,135,8.44,1,1,1,1,,,18,33.5,37.5,25.5,,52,
140,D.J. Moore,CAR,WR,25,3,3,0,0,0,0,0,3,20,6.67,0,18,7,88,12.57,1,0,0,1,,,17,23.8,23.8,20.3,,54,
141,Samaje Perine,CIN,RB,27,3,0,0,0,0,0,0,11,53,4.82,0,8,6,55,9.17,1,0,0,1,,,17,22.8,22.8,19.8,,40,
142,K.J. Osborn,MIN,WR,25,3,2,0,0,0,0,0,0,0,,0,14,10,112,11.20,1,0,0,1,,,17,27.2,30.2,22.2,,53,
143,DeVante Parker,NWE,WR,29,3,3,0,0,0,0,0,0,0,,0,14,6,165,27.50,0,0,0,0,,,17,22.5,25.5,19.5,,56,
144,Russell Gage,TAM,WR,26,3,1,0,0,0,0,0,0,0,,0,21,19,128,6.74,1,1,1,1,,,17,35.8,39.8,26.3,,55,
145,Olamide Zaccheaus,ATL,WR,25,3,2,0,0,0,0,0,0,0,,0,8,8,119,14.88,1,1,1,1,,,16,23.9,27.9,19.9,,59,
146,DJ Chark,DET,WR,26,3,3,0,0,0,0,0,0,0,,0,18,7,98,14.00,1,0,0,1,,,16,22.8,22.8,19.3,,60,
147,Brandin Cooks,HOU,WR,29,3,3,0,0,0,0,0,0,0,,0,29,13,158,12.15,0,0,0,0,,,16,28.8,31.8,22.3,,61,
148,Marvin Jones,JAX,WR,32,3,3,0,0,0,0,0,0,0,,0,18,11,104,9.45,1,0,0,1,,,16,27.4,30.4,21.9,,57,
149,JuJu Smith-Schuster,KAN,WR,26,3,3,0,0,0,0,0,0,0,,0,19,14,178,12.71,0,2,1,0,,,16,29.8,33.8,22.8,,62,
150,Taysom Hill,NOR,TE,32,2,1,0,0,0,0,0,7,95,13.57,1,1,1,2,2.00,0,0,0,1,,,16,16.7,16.7,16.2,,13,
151,Jarvis Landry,NOR,WR,30,3,1,0,0,0,0,0,0,0,,0,19,13,161,12.38,0,0,0,0,,,16,29.1,32.1,22.6,,58,
152,Jakobi Meyers,NWE,WR,26,2,2,0,0,0,0,0,1,7,7.00,0,19,13,150,11.54,0,0,0,0,,,16,28.7,31.7,22.2,,63,
154,Cam Akers,LAR,RB,23,3,0,0,0,0,0,0,30,105,3.50,1,3,2,18,9.00,0,1,1,1,,,16,18.3,22.3,17.3,,41,
155,Laviska Shenault Jr.,CAR,WR,24,1,0,0,0,0,0,0,0,0,,0,2,2,90,45.00,1,0,0,1,,,15,17.0,17.0,16.0,,65,
156,Jerick McKinnon,KAN,RB,30,3,0,0,0,0,0,0,15,54,3.60,0,7,5,31,6.20,1,0,0,1,,,15,19.5,19.5,17.0,,45,
157,Alexander Mattison,MIN,RB,24,3,0,0,0,0,0,0,17,72,4.24,1,6,4,22,5.50,0,0,0,1,,,15,19.4,19.4,17.4,,42,
158,Richie James,NYG,WR,27,3,1,0,0,0,0,0,2,6,3.00,0,17,14,146,10.43,0,0,0,0,,,15,29.2,32.2,22.2,,64,
159,Allen Robinson,LAR,WR,29,3,3,0,0,0,0,0,0,0,,0,12,7,88,12.57,1,0,0,1,,,15,21.8,21.8,18.3,,66,
160,Colby Parkinson,SEA,TE,23,3,0,0,0,0,0,0,0,0,,0,4,4,87,21.75,1,0,0,1,,,15,18.7,18.7,16.7,,14,
161,Rashaad Penny,SEA,RB,26,3,3,0,0,0,0,0,32,141,4.41,0,4,3,10,3.33,0,1,0,0,,,15,18.1,21.1,16.6,,43,
162,J.D. McKissic,WAS,RB,29,3,0,0,0,0,0,0,9,25,2.78,0,19,16,106,6.63,0,0,0,0,1,,15,31.1,34.1,23.1,,44,
163,Logan Thomas,WAS,TE,31,3,3,0,0,0,0,0,0,0,,0,14,8,87,10.88,1,0,0,1,,,15,22.7,22.7,18.7,,15,
164,Ashton Dulin,IND,WR,25,3,1,0,0,0,0,0,1,3,3.00,0,14,9,132,14.67,0,0,0,0,,,14,22.5,25.5,18.0,,68,
165,Eno Benjamin,ARI,RB,23,3,0,0,0,0,0,0,17,75,4.41,0,12,8,60,7.50,0,0,0,0,,,14,21.5,21.5,17.5,,47,
166,T.J. Hockenson,DET,TE,25,3,3,0,0,0,0,0,0,0,,0,18,10,82,8.20,1,0,0,1,,,14,24.2,24.2,19.2,,16,
167,Isiah Pacheco,KAN,RB,22,3,0,0,0,0,0,0,17,77,4.53,1,0,0,0,,0,2,0,1,,,14,13.7,13.7,13.7,,46,
168,Robert Woods,TEN,WR,30,3,3,0,0,0,0,0,0,0,,0,16,9,137,15.22,0,0,0,0,,,14,22.7,25.7,18.2,,67,
169,Kyle Pitts,ATL,TE,22,3,3,0,0,0,0,0,0,0,,0,18,9,125,13.89,0,0,0,0,,,13,21.5,24.5,17.0,,19,
170,Jelani Woods,IND,TE,24,3,0,0,0,0,0,0,0,0,,0,3,2,13,6.50,2,0,0,2,,,13,15.3,15.3,14.3,,17,
171,Darrel Williams,ARI,RB,27,3,0,0,0,0,0,0,9,66,7.33,1,4,2,3,1.50,0,0,0,1,,,13,14.9,14.9,13.9,,48,
172,Nico Collins,HOU,WR,23,3,1,0,0,0,0,0,0,0,,0,16,8,125,15.63,0,0,0,0,,,13,20.5,23.5,16.5,,73,
173,River Cracraft,MIA,WR,28,3,0,0,0,0,0,0,0,0,,0,3,2,13,6.50,2,0,0,2,,,13,15.3,15.3,14.3,,69,
174,Irv Smith Jr.,MIN,TE,24,3,0,0,0,0,0,0,0,0,,0,16,7,68,9.71,1,0,0,1,,,13,19.8,19.8,16.3,,18,
175,Elijah Moore,NYJ,WR,22,3,3,0,0,0,0,0,1,-6,-6.00,0,22,12,139,11.58,0,0,0,0,,,13,25.3,28.3,19.3,,70,
176,Quez Watkins,PHI,WR,24,3,2,0,0,0,0,0,0,0,,0,3,2,69,34.50,1,0,0,1,,,13,14.9,14.9,13.9,,71,
177,Chase Claypool,PIT,WR,24,3,3,0,0,0,0,0,7,47,6.71,0,18,11,79,7.18,0,0,0,0,,,13,23.6,23.6,18.1,,72,
178,Zander Horvath,LAC,RB,24,3,0,0,0,0,0,0,1,2,2.00,0,5,3,7,2.33,2,0,0,2,,,13,15.9,15.9,14.4,,49,
179,Nyheim Hines,IND,RB,26,3,2,0,0,0,0,0,7,11,1.57,0,17,15,110,7.33,0,1,0,0,,,12,27.1,30.1,19.6,,52,
180,Mecole Hardman,KAN,WR,24,3,3,0,0,0,0,0,1,-4,-4.00,0,11,7,67,9.57,1,0,0,1,,,12,19.3,19.3,15.8,,74,
181,Raheem Mostert,MIA,RB,30,3,1,0,0,0,0,0,24,78,3.25,0,6,4,44,11.00,0,0,0,0,,,12,16.2,16.2,14.2,,50,
182,Mark Ingram,NOR,RB,33,3,1,0,0,0,0,0,19,98,5.16,1,3,3,4,1.33,0,2,2,1,,,12,15.2,17.2,13.7,,51,
183,Kendrick Bourne,NWE,WR,27,3,1,0,0,0,0,0,0,0,,0,9,7,115,16.43,0,1,0,0,,,12,18.5,21.5,15.0,,77,
185,Daniel Bellinger,NYG,TE,22,3,2,0,0,0,0,0,0,0,,0,6,5,56,11.20,1,0,0,1,,,12,16.6,16.6,14.1,,20,
186,Treylon Burks,TEN,WR,22,3,1,0,0,0,0,0,1,8,8.00,0,13,8,115,14.38,0,0,0,0,,,12,20.3,23.3,16.3,,75,
187,Kenneth Gainwell,PHI,RB,23,3,0,0,0,0,0,0,10,33,3.30,1,6,3,23,7.67,0,0,0,1,,,12,14.6,14.6,13.1,,53,
188,Trey Lance,SFO,QB,22,2,2,15,31,194,0,1,16,67,4.19,0,0,0,0,,0,1,0,0,,,12,12.5,13.5,13.5,,33,
189,Breshad Perriman,TAM,WR,29,3,2,0,0,0,0,0,2,-7,-3.50,0,12,6,89,14.83,1,2,1,1,,,12,18.2,19.2,15.2,,76,
190,Dante Pettis,CHI,WR,27,3,2,0,0,0,0,0,0,0,,0,1,1,51,51.00,1,0,0,1,,,11,12.1,12.1,11.6,,78,
191,Randall Cobb,GNB,WR,32,3,1,0,0,0,0,0,0,0,,0,8,7,108,15.43,0,0,0,0,,,11,17.8,20.8,14.3,,81,
192,Sammy Watkins,GNB,WR,29,2,2,0,0,0,0,0,0,0,,0,7,6,111,18.50,0,0,0,0,,,11,17.1,20.1,14.1,,79,
193,Rex Burkhead,HOU,RB,32,3,0,0,0,0,0,0,17,49,2.88,0,16,11,60,5.45,0,0,0,0,,,11,21.9,21.9,16.4,,54,
194,Chris Moore,HOU,WR,29,3,0,0,0,0,0,0,0,0,,0,10,8,108,13.50,0,0,0,0,,,11,18.8,21.8,14.8,,82,
195,Justin Watson,KAN,WR,26,3,0,0,0,0,0,0,0,0,,0,4,2,50,25.00,1,0,0,1,,,11,13.0,13.0,12.0,,80,
196,Mike Gesicki,MIA,TE,27,3,0,0,0,0,0,0,0,0,,0,6,6,48,8.00,1,0,0,1,,,11,16.8,16.8,13.8,,22,
197,Tre'Quan Smith,NOR,WR,26,1,1,0,0,0,0,0,0,0,,0,5,4,105,26.25,0,0,0,0,,,11,14.5,17.5,12.5,,84,
198,Brandon Bolden,LVR,RB,32,2,0,0,0,0,0,0,6,24,4.00,0,4,4,25,6.25,1,0,0,1,,,11,14.9,14.9,12.9,,55,
199,Ben Skowronek,LAR,WR,25,3,3,0,0,0,0,0,0,0,,0,13,10,107,10.70,0,0,0,0,,,11,20.7,23.7,15.7,,83,
200,Ross Dwelley,SFO,TE,27,3,0,0,0,0,0,0,0,0,,0,3,2,49,24.50,1,0,0,1,,,11,12.9,12.9,11.9,,21,
201,KhaDarel Hodge,ATL,WR,27,3,1,0,0,0,0,0,0,0,,0,6,5,95,19.00,0,0,0,0,,,10,14.5,14.5,12.0,,86,
202,Reggie Gilliam,BUF,RB,25,3,0,0,0,0,0,0,0,0,,0,6,4,39,9.75,1,0,0,1,,,10,13.9,13.9,11.9,,56,
203,Evan Engram,JAX,TE,28,3,3,0,0,0,0,0,1,0,0.00,0,15,12,83,6.92,0,0,0,0,1,,10,22.3,22.3,16.3,,23,
204,Marquez Valdes-Scantling,KAN,WR,28,3,3,0,0,0,0,0,1,-3,-3.00,0,18,10,105,10.50,0,0,0,0,,,10,20.2,23.2,15.2,,85,
205,Alvin Kamara,NOR,RB,27,2,2,0,0,0,0,0,24,100,4.17,0,11,5,19,3.80,0,1,1,0,,,10,14.9,18.9,12.4,,57,
206,Geoff Swaim,TEN,TE,29,3,3,0,0,0,0,0,0,0,,0,7,6,38,6.33,1,0,0,1,,,10,15.8,15.8,12.8,,24,
207,Zack Moss,BUF,RB,25,3,0,0,0,0,0,0,13,78,6.00,0,8,7,27,3.86,0,1,1,0,,,9,15.5,16.5,12.0,,60,
208,Jordan Akins,HOU,TE,30,1,0,0,0,0,0,0,0,0,,0,4,3,31,10.33,1,0,0,1,,,9,12.1,12.1,10.6,,25,
209,Boston Scott,PHI,RB,27,3,0,0,0,0,0,0,10,29,2.90,1,1,1,2,2.00,0,0,0,1,,,9,10.1,10.1,9.6,,58,
210,Justice Hill,BAL,RB,25,3,0,0,0,0,0,0,11,80,7.27,0,2,2,7,3.50,0,0,0,0,,,9,10.7,10.7,9.7,,59,
211,Demarcus Robinson,BAL,WR,28,3,0,0,0,0,0,0,0,0,,0,7,3,31,10.33,1,0,0,1,,,9,12.1,12.1,10.6,,87,
212,Kyle Juszczyk,SFO,RB,31,3,2,0,0,0,0,0,2,1,0.50,1,4,1,24,24.00,0,0,0,1,,,9,9.5,9.5,9.0,,61,
213,Julio Jones,TAM,WR,33,1,0,0,0,0,0,0,2,17,8.50,0,5,3,69,23.00,0,0,0,0,,,9,11.6,11.6,10.1,,88,
214,James Cook,BUF,RB,23,3,0,0,0,0,0,0,13,58,4.46,0,6,4,37,9.25,0,1,1,0,,,8,11.5,12.5,9.5,,62,
216,Ian Thomas,CAR,TE,26,3,3,0,0,0,0,0,0,0,,0,9,5,79,15.80,0,0,0,0,,,8,12.9,12.9,10.4,,29,
217,Hayden Hurst,CIN,TE,29,3,3,0,0,0,0,0,0,0,,0,17,11,77,7.00,0,0,0,0,,,8,18.7,18.7,13.2,,30,
218,Eric Saubert,DEN,TE,28,3,1,0,0,0,0,0,0,0,,0,4,1,22,22.00,1,0,0,1,,,8,9.2,9.2,8.7,,28,
219,Robert Tonyan,GNB,TE,28,3,2,0,0,0,0,0,0,0,,0,14,11,84,7.64,0,0,0,0,,,8,19.4,19.4,13.9,,26,
220,Juwan Johnson,NOR,TE,26,3,1,0,0,0,0,0,0,0,,0,13,6,83,13.83,0,0,0,0,,,8,14.3,14.3,11.3,,27,
221,Dawson Knox,BUF,TE,26,3,3,0,0,0,0,0,0,0,,0,11,9,71,7.89,0,0,0,0,,,7,16.1,16.1,11.6,,33,
222,Donovan Peoples-Jones,CLE,WR,23,3,3,0,0,0,0,0,0,0,,0,15,7,70,10.00,0,0,0,0,,,7,14.0,14.0,10.5,,91,
223,Pharaoh Brown,HOU,TE,28,3,3,0,0,0,0,0,0,0,,0,10,7,72,10.29,0,0,0,0,,,7,14.2,14.2,10.7,,32,
224,Johnny Mundt,MIN,TE,28,3,2,0,0,0,0,0,0,0,,0,8,7,68,9.71,0,0,0,0,,,7,13.8,13.8,10.3,,34,
225,Ty Montgomery,NWE,WR,29,1,0,0,0,0,0,0,2,-2,-1.00,0,4,3,15,5.00,1,0,0,1,,,7,10.3,10.3,8.8,,89,
226,Chris Myarick,NYG,TE,27,3,2,0,0,0,0,0,0,0,,0,2,2,7,3.50,1,0,0,1,,,7,8.7,8.7,7.7,,37,
227,Nick Westbrook-Ikhine,TEN,WR,25,3,3,0,0,0,0,0,0,0,,0,9,5,66,13.20,0,0,0,0,,,7,11.6,11.6,9.1,,92,
228,George Pickens,PIT,WR,21,3,1,0,0,0,0,0,0,0,,0,12,5,65,13.00,0,0,0,0,,,7,11.5,11.5,9.0,,94,
229,Foster Moreau,LVR,TE,25,3,2,0,0,0,0,0,0,0,,0,9,6,74,12.33,0,0,0,0,,,7,13.4,13.4,10.4,,31,
230,Josh Oliver,BAL,TE,25,3,1,0,0,0,0,0,0,0,,0,2,2,8,4.00,1,0,0,1,,,7,8.8,8.8,7.8,,35,
231,Keenan Allen,LAC,WR,30,1,1,0,0,0,0,0,0,0,,0,4,4,66,16.50,0,0,0,0,,,7,10.6,10.6,8.6,,93,
232,Jauan Jennings,SFO,WR,25,3,1,0,0,0,0,0,0,0,,0,11,6,71,11.83,0,0,0,0,,,7,13.1,13.1,10.1,,90,
233,Cameron Brate,TAM,TE,31,3,1,0,0,0,0,0,0,0,,0,11,7,68,9.71,0,0,0,0,,,7,13.8,13.8,10.3,,36,
234,Tyler Allgeier,ATL,RB,22,2,0,0,0,0,0,0,16,55,3.44,0,1,1,5,5.00,0,0,0,0,,,6,7.0,7.0,6.5,,65,
235,Jake Kumerow,BUF,WR,30,3,1,0,0,0,0,0,0,0,,0,5,4,64,16.00,0,0,0,0,,,6,10.4,10.4,8.4,,95,
236,Harrison Bryant,CLE,TE,24,3,1,0,0,0,0,0,0,0,,0,8,5,63,12.60,0,0,0,0,,,6,11.3,11.3,8.8,,38,
237,Alec Pierce,IND,WR,22,2,1,0,0,0,0,0,0,0,,0,7,3,61,20.33,0,0,0,0,,,6,9.1,9.1,7.6,,98,
238,Mike Strachan,IND,WR,25,3,0,0,0,0,0,0,0,0,,0,5,3,59,19.67,0,0,0,0,,,6,8.9,8.9,7.4,,100,
239,Dalton Schultz,DAL,TE,26,2,2,0,0,0,0,0,0,0,,0,13,9,80,8.89,0,1,1,0,,,6,15.0,16.0,10.5,,40,
240,Joe Fortson,KAN,TE,27,3,0,0,0,0,0,0,0,0,,0,2,1,1,1.00,1,0,0,1,,,6,7.1,7.1,6.6,,39,
241,Marquez Callaway,NOR,WR,24,3,0,0,0,0,0,0,0,0,,0,1,1,4,4.00,1,0,0,1,,,6,7.4,7.4,6.9,,96,
242,Jonnu Smith,NWE,TE,27,3,1,0,0,0,0,0,0,0,,0,11,7,58,8.29,0,0,0,0,,,6,12.8,12.8,9.3,,41,
243,David Sills,NYG,WR,26,3,3,0,0,0,0,0,0,0,,0,8,5,57,11.40,0,0,0,0,,,6,10.7,10.7,8.2,,101,
244,Braxton Berrios,NYJ,WR,27,3,0,0,0,0,0,0,3,20,6.67,0,7,5,37,7.40,0,0,0,0,,,6,10.7,10.7,8.2,,102,
245,Jaylen Warren,PIT,RB,24,3,0,0,0,0,0,0,11,52,4.73,0,3,2,3,1.50,0,1,0,0,,,6,7.5,7.5,6.5,,66,
247,Hunter Renfrow,LVR,WR,27,2,1,0,0,0,0,0,0,0,,0,16,10,80,8.00,0,3,1,0,,,6,16.0,17.0,11.0,,99,
248,Jalen Guyton,LAC,WR,25,3,0,0,0,0,0,0,0,0,,0,4,2,64,32.00,0,0,0,0,,,6,8.4,8.4,7.4,,97,
249,Joshua Kelley,LAC,RB,25,3,0,0,0,0,0,0,9,40,4.44,0,6,5,23,4.60,0,0,0,0,,,6,11.3,11.3,8.8,,63,
250,Sony Michel,LAC,RB,27,3,0,0,0,0,0,0,16,47,2.94,0,3,2,15,7.50,0,0,0,0,,,6,8.2,8.2,7.2,,64,
251,Jamison Crowder,BUF,WR,29,3,0,0,0,0,0,0,0,0,,0,9,5,53,10.60,0,1,0,0,,,5,10.3,10.3,7.8,,103,
252,Parris Campbell,IND,WR,25,3,3,0,0,0,0,0,0,0,,0,8,5,47,9.40,0,0,0,0,,,5,9.7,9.7,7.2,,107,
253,A.J. Green,ARI,WR,34,3,3,0,0,0,0,0,0,0,,0,13,5,29,5.80,0,0,0,0,1,,5,9.9,9.9,7.4,,106,
254,Andrew Beck,DEN,TE,26,3,1,0,0,0,0,0,1,-1,-1.00,0,3,2,52,26.00,0,0,0,0,,,5,7.1,7.1,6.1,,43,
255,Kendall Hinton,DEN,WR,25,2,2,0,0,0,0,0,0,0,,0,2,2,47,23.50,0,0,0,0,,,5,6.7,6.7,5.7,,108,
256,Albert Okwuegbunam,DEN,TE,24,3,0,0,0,0,0,0,0,0,,0,10,6,45,7.50,0,0,0,0,,,5,10.5,10.5,7.5,,46,
257,Craig Reynolds,DET,RB,26,3,0,0,0,0,0,0,9,29,3.22,0,2,2,18,9.00,0,0,0,0,,,5,6.7,6.7,5.7,,70,
258,Christian Watson,GNB,WR,23,2,1,0,0,0,0,0,1,7,7.00,0,7,5,43,8.60,0,0,0,0,,,5,10.0,10.0,7.5,,105,
259,Noah Gray,KAN,TE,23,3,0,0,0,0,0,0,0,0,,0,7,4,48,12.00,0,0,0,0,,,5,8.8,8.8,6.8,,45,
260,Kenyan Drake,BAL,RB,28,2,2,0,0,0,0,0,17,39,2.29,0,1,1,15,15.00,0,0,0,0,,,5,6.4,6.4,5.9,,67,
261,Isaiah Likely,BAL,TE,22,3,0,0,0,0,0,0,0,0,,0,11,5,51,10.20,0,0,0,0,,,5,10.1,10.1,7.6,,44,
262,Noah Fant,SEA,TE,25,3,3,0,0,0,0,0,0,0,,0,10,9,54,6.00,0,0,0,0,,,5,14.4,14.4,9.9,,42,
263,Marquise Goodwin,SEA,WR,32,3,0,0,0,0,0,0,0,0,,0,7,4,53,13.25,0,0,0,0,,,5,9.3,9.3,7.3,,104,
264,Travis Homer,SEA,RB,24,3,0,0,0,0,0,0,4,18,4.50,0,4,4,33,8.25,0,0,0,0,,,5,9.1,9.1,7.1,,68,
265,Kenneth Walker III,SEA,RB,22,2,0,0,0,0,0,0,7,29,4.14,0,6,5,19,3.80,0,0,0,0,,,5,9.8,9.8,7.3,,69,
266,Ray-Ray McCloud,SFO,WR,26,3,0,0,0,0,0,0,0,0,,0,5,3,47,15.67,0,1,0,0,,,5,7.7,7.7,6.2,,109,
267,Scott Miller,TAM,WR,25,2,1,0,0,0,0,0,1,8,8.00,0,13,4,38,9.50,0,0,0,0,,,5,8.6,8.6,6.6,,110,
268,Shi Smith,CAR,WR,24,3,2,0,0,0,0,0,0,0,,0,11,4,36,9.00,0,0,0,0,,,4,7.6,7.6,5.6,,113,
269,Cole Kmet,CHI,TE,23,3,3,0,0,0,0,0,0,0,,0,5,2,40,20.00,0,0,0,0,,,4,6.0,6.0,5.0,,52,
270,Anthony Schwartz,CLE,WR,22,3,0,0,0,0,0,0,2,20,10.00,0,2,1,19,19.00,0,0,0,0,,,4,4.9,4.9,4.4,,111,
271,Mo Alie-Cox,IND,TE,29,3,1,0,0,0,0,0,0,0,,0,8,4,44,11.00,0,0,0,0,,,4,8.4,8.4,6.4,,47,
272,Kylen Granson,IND,TE,24,3,2,0,0,0,0,0,0,0,,0,11,7,43,6.14,0,0,0,0,,,4,11.3,11.3,7.8,,49,
273,Peyton Hendershot,DAL,TE,23,3,1,0,0,0,0,0,0,0,,0,3,3,43,14.33,0,0,0,0,,,4,7.3,7.3,5.8,,50,
274,Dak Prescott,DAL,QB,29,1,1,14,29,134,0,1,2,11,5.50,0,0,0,0,,0,0,0,0,,,4,4.5,5.5,5.5,,34,
275,Durham Smythe,MIA,TE,27,3,3,0,0,0,0,0,0,0,,0,6,5,42,8.40,0,0,0,0,,,4,9.2,9.2,6.7,,51,
276,Hassan Haskins,TEN,RB,23,3,0,0,0,0,0,0,9,37,4.11,0,1,1,0,0.00,0,0,0,0,,,4,4.7,4.7,4.2,,73,
278,Austin Hooper,TEN,TE,28,3,0,0,0,0,0,0,0,0,,0,9,4,44,11.00,0,0,0,0,,,4,8.4,8.4,6.4,,48,
279,Grant Calcaterra,PHI,TE,24,1,0,0,0,0,0,0,0,0,,0,1,1,40,40.00,0,0,0,0,,,4,5.0,5.0,4.5,,53,
280,Zach Pascal,PHI,WR,28,3,0,0,0,0,0,0,1,0,0.00,0,6,6,39,6.50,0,0,0,0,,,4,9.9,9.9,6.9,,112,
281,Zach Gentry,PIT,TE,26,3,2,0,0,0,0,0,0,0,,0,2,2,40,20.00,0,0,0,0,,,4,6.0,6.0,5.0,,54,
282,J.K. Dobbins,BAL,RB,24,1,1,0,0,0,0,0,7,23,3.29,0,2,2,17,8.50,0,0,0,0,,,4,6.0,6.0,5.0,,72,
283,Elijah Mitchell,SFO,RB,24,1,1,0,0,0,0,0,6,41,6.83,0,0,0,0,,0,0,0,0,,,4,4.1,4.1,4.1,,71,
284,Chris Godwin,TAM,WR,26,1,1,0,0,0,0,0,0,0,,0,3,3,35,11.67,0,0,0,0,,,4,6.5,6.5,5.0,,114,
285,Anthony Firkser,ATL,TE,27,3,1,0,0,0,0,0,0,0,,0,3,2,28,14.00,0,0,0,0,,,3,4.8,4.8,3.8,,56,
286,Quintin Morris,BUF,TE,23,2,0,0,0,0,0,0,0,0,,0,3,3,28,9.33,0,0,0,0,,,3,5.8,5.8,4.3,,57,
287,Giovanni Ricci,CAR,RB,26,3,1,0,0,0,0,0,0,0,,0,3,2,31,15.50,0,0,0,0,,,3,5.1,5.1,4.1,,75,
288,Darnell Mooney,CHI,WR,25,3,3,0,0,0,0,0,0,0,,0,11,4,27,6.75,0,0,0,0,,,3,6.7,6.7,4.7,,120,
289,Byron Pringle,CHI,WR,29,3,1,0,0,0,0,0,0,0,,0,3,2,33,16.50,0,0,0,0,,,3,5.3,5.3,4.3,,115,
290,Mike Thomas,CIN,WR,28,3,0,0,0,0,0,0,0,0,,0,5,1,5,5.00,0,0,0,0,1,,3,3.5,3.5,3.0,,123,
291,Andre Baccellia,ARI,WR,25,3,0,0,0,0,0,0,0,0,,0,6,4,25,6.25,0,0,0,0,,,3,6.5,6.5,4.5,,124,
292,Tyrie Cleveland,DEN,WR,25,2,0,0,0,0,0,0,0,0,,0,3,2,28,14.00,0,0,0,0,,,3,4.8,4.8,3.8,,118,
293,Brock Wright,DET,TE,24,3,0,0,0,0,0,0,0,0,,0,1,1,25,25.00,0,0,0,0,,,3,3.5,3.5,3.0,,63,
294,Tyler Davis,GNB,TE,25,3,0,0,0,0,0,0,0,0,,0,4,3,29,9.67,0,0,0,0,,,3,5.9,5.9,4.4,,55,
295,Josiah Deguara,GNB,TE,25,3,0,0,0,0,0,0,0,0,,0,2,2,28,14.00,0,0,0,0,,,3,4.8,4.8,3.8,,58,
296,Jordan Love,GNB,QB,24,1,0,4,5,65,0,0,0,0,,0,0,0,0,,0,0,0,0,,,3,2.6,2.6,2.6,,35,
297,Jamal Agnew,JAX,WR,27,3,0,0,0,0,0,0,3,7,2.33,0,3,2,23,11.50,0,0,0,0,,,3,5.0,5.0,4.0,,117,
298,Alec Ingold,MIA,RB,26,3,3,0,0,0,0,0,3,3,1.00,0,5,3,23,7.67,0,0,0,0,,,3,5.6,5.6,4.1,,76,
299,Cedrick Wilson Jr.,MIA,WR,27,3,0,0,0,0,0,0,1,8,8.00,0,3,2,20,10.00,0,0,0,0,,,3,4.8,4.8,3.8,,119,
300,Ben Ellefson,MIN,TE,26,3,1,0,0,0,0,0,0,0,,0,3,3,26,8.67,0,0,0,0,,,3,5.6,5.6,4.1,,62,
301,Jalen Reagor,MIN,WR,23,3,0,0,0,0,0,0,1,17,17.00,0,3,2,9,4.50,0,1,0,0,,,3,4.6,4.6,3.6,,122,
302,Hunter Henry,NWE,TE,28,3,3,0,0,0,0,0,0,0,,0,5,3,28,9.33,0,0,0,0,,,3,5.8,5.8,4.3,,59,
303,Kyle Philips,TEN,WR,23,2,0,0,0,0,0,0,0,0,,0,10,7,71,10.14,0,2,2,0,,,3,10.1,12.1,6.6,,116,
304,Kendall Blanton,LAR,TE,27,1,0,0,0,0,0,0,0,0,,0,1,1,28,28.00,0,0,0,0,,,3,3.8,3.8,3.3,,60,
305,Tyrion Davis-Price,SFO,RB,22,1,0,0,0,0,0,0,14,33,2.36,0,0,0,0,,0,0,0,0,,,3,3.3,3.3,3.3,,74,
306,George Kittle,SFO,TE,29,1,1,0,0,0,0,0,0,0,,0,5,4,28,7.00,0,0,0,0,,,3,6.8,6.8,4.8,,61,
307,Jaelon Darden,TAM,WR,23,3,0,0,0,0,0,0,1,2,2.00,0,1,1,25,25.00,0,0,0,0,,,3,3.7,3.7,3.2,,121,
309,Trestan Ebner,CHI,RB,23,3,0,0,0,0,0,0,7,23,3.29,0,1,0,0,,0,0,0,0,,,2,2.3,2.3,2.3,,78,
310,Ryan Griffin,CHI,TE,32,2,0,0,0,0,0,0,0,0,,0,3,1,18,18.00,0,0,0,0,,,2,2.8,2.8,2.3,,67,
311,Dezmon Patmon,IND,WR,24,1,0,0,0,0,0,0,0,0,,0,6,2,24,12.00,0,0,0,0,,,2,4.4,4.4,3.4,,125,
312,Andy Isabella,ARI,WR,26,2,0,0,0,0,0,0,0,0,,0,5,2,21,10.50,0,0,0,0,,,2,4.1,4.1,3.1,,131,
313,Trace McSorley,ARI,QB,27,1,0,2,4,12,0,0,3,20,6.67,0,0,0,0,,0,0,0,0,,,2,2.5,2.5,2.5,,36,
314,Simi Fehoko,DAL,WR,25,3,0,0,0,0,0,0,0,0,,0,4,3,24,8.00,0,0,0,0,,,2,5.4,5.4,3.9,,126,
315,Dennis Houston,DAL,WR,23,2,0,0,0,0,0,0,0,0,,0,6,2,16,8.00,0,0,0,0,,,2,3.6,3.6,2.6,,137,
316,Montrell Washington,DEN,WR,23,3,0,0,0,0,0,0,1,19,19.00,0,1,0,0,,0,0,0,0,,,2,1.9,1.9,1.9,,133,
317,Juwann Winfree,GNB,WR,26,2,0,0,0,0,0,0,0,0,,0,3,1,17,17.00,0,0,0,0,,,2,2.7,2.7,2.2,,135,
318,Phillip Dorsett,HOU,WR,29,2,0,0,0,0,0,0,0,0,,0,2,1,15,15.00,0,0,0,0,,,2,2.5,2.5,2.0,,138,
319,Jeff Driskel,HOU,TE,29,2,0,0,0,0,0,0,2,15,7.50,0,0,0,0,,0,0,0,0,,,2,1.5,1.5,1.5,,68,
320,Trent Sherfield,MIA,WR,26,3,0,0,0,0,0,0,0,0,,0,5,4,22,5.50,0,0,0,0,,,2,6.2,6.2,4.2,,128,
321,C.J. Ham,MIN,RB,29,3,1,0,0,0,0,0,0,0,,0,4,3,21,7.00,0,0,0,0,,,2,5.1,5.1,3.6,,82,
322,Tony Jones,NOR,RB,25,2,0,0,0,0,0,0,2,8,4.00,0,2,2,12,6.00,0,0,0,0,,,2,4.0,4.0,3.0,,83,
323,Dwayne Washington,NOR,RB,28,2,0,0,0,0,0,0,4,18,4.50,0,0,0,0,,0,1,0,0,,,2,1.8,1.8,1.8,,84,
324,Matt Breida,NYG,RB,27,3,0,0,0,0,0,0,7,23,3.29,0,1,0,0,,0,0,0,0,,,2,2.3,2.3,2.3,,79,
325,Kenny Golladay,NYG,WR,29,3,1,0,0,0,0,0,0,0,,0,5,2,22,11.00,0,0,0,0,,,2,4.2,4.2,3.2,,129,
326,Tanner Hudson,NYG,TE,28,3,0,0,0,0,0,0,0,0,,0,3,2,22,11.00,0,0,0,0,,,2,4.2,4.2,3.2,,66,
327,Kadarius Toney,NYG,WR,23,2,1,0,0,0,0,0,2,23,11.50,0,3,2,0,0.00,0,0,0,0,,,2,4.3,4.3,3.3,,127,
328,Jeff Smith,NYJ,WR,25,3,0,0,0,0,0,0,0,0,,0,1,1,17,17.00,0,0,0,0,,,2,2.7,2.7,2.2,,136,
329,Cody Hollister,TEN,WR,29,3,0,0,0,0,0,0,0,0,,0,1,1,22,22.00,0,0,0,0,,,2,3.2,3.2,2.7,,130,
330,Ameer Abdullah,LVR,RB,29,3,0,0,0,0,0,0,0,0,,0,2,1,23,23.00,0,1,0,0,,,2,3.3,3.3,2.8,,80,
331,Brandon Powell,LAR,WR,27,3,0,0,0,0,0,0,2,-23,-11.50,0,5,5,43,8.60,0,0,0,0,,,2,7.0,7.0,4.5,,132,
332,Mike Davis,BAL,RB,29,3,0,0,0,0,0,0,7,15,2.14,0,0,0,0,,0,1,0,0,,,2,1.5,1.5,1.5,,86,
333,Patrick Ricard,BAL,RB,28,3,3,0,0,0,0,0,1,5,5.00,0,2,2,19,9.50,0,0,0,0,,,2,4.4,4.4,3.4,,77,
334,Tre' McKitty,LAC,TE,23,3,0,0,0,0,0,0,0,0,,0,4,3,24,8.00,0,1,0,0,,,2,5.4,5.4,3.9,,64,
335,DeeJay Dallas,SEA,RB,24,3,0,0,1,0,0,1,3,21,7.00,0,2,2,17,8.50,0,0,0,0,,,2,3.8,4.8,3.8,,85,
336,Penny Hart,SEA,WR,26,3,0,0,0,0,0,0,0,0,,0,1,1,15,15.00,0,0,0,0,,,2,2.5,2.5,2.0,,139,
337,Rachaad White,TAM,RB,23,3,0,0,0,0,0,0,8,15,1.88,0,4,2,7,3.50,0,0,0,0,,,2,4.2,4.2,3.2,,81,
338,John Bates,WAS,TE,25,3,1,0,0,0,0,0,0,0,,0,5,2,15,7.50,0,0,0,0,,,2,3.5,3.5,2.5,,69,
340,Dax Milne,WAS,WR,23,3,0,0,0,0,0,0,0,0,,0,3,2,18,9.00,0,0,0,0,,,2,3.8,3.8,2.8,,134,
341,Armani Rogers,WAS,TE,25,3,0,0,0,0,0,0,0,0,,0,1,1,23,23.00,0,0,0,0,,,2,3.3,3.3,2.8,,65,
342,Parker Hesse,ATL,TE,27,3,1,0,0,0,0,0,0,0,,0,3,2,10,5.00,0,0,0,0,,,1,3.0,3.0,2.0,,74,
343,D'Onta Foreman,CAR,RB,26,3,0,0,0,0,0,0,4,14,3.50,0,0,0,0,,0,0,0,0,,,1,1.4,1.4,1.4,,87,
344,Chuba Hubbard,CAR,RB,23,3,0,0,0,0,0,0,4,28,7.00,0,0,0,0,,0,1,1,0,,,1,0.8,1.8,0.8,,90,
345,Stephen Sullivan,CAR,TE,26,2,0,0,0,0,0,0,0,0,,0,1,1,13,13.00,0,0,0,0,,,1,2.3,2.3,1.8,,70,
346,Tommy Tremble,CAR,TE,22,3,0,0,0,0,0,0,0,0,,0,2,2,8,4.00,0,0,0,0,,,1,2.8,2.8,1.8,,77,
347,Mitchell Wilcox,CIN,TE,26,3,0,0,0,0,0,0,0,0,,0,2,2,12,6.00,0,0,0,0,,,1,3.2,3.2,2.2,,72,
348,David Bell,CLE,WR,22,3,1,0,0,0,0,0,0,0,,0,2,2,12,6.00,0,0,0,0,,,1,3.2,3.2,2.2,,141,
349,Jake Ferguson,DAL,TE,23,3,2,0,0,0,0,0,0,0,,0,3,2,13,6.50,0,0,0,0,,,1,3.3,3.3,2.3,,71,
350,Troy Hairston,HOU,RB,24,3,1,0,0,0,0,0,0,0,,0,1,1,5,5.00,0,0,0,0,,,1,1.5,1.5,1.0,,93,
351,Brevin Jordan,HOU,TE,22,2,1,0,0,0,0,0,0,0,,0,6,3,8,2.67,0,0,0,0,,,1,3.8,3.8,2.3,,78,
352,Dan Arnold,JAX,TE,27,3,0,0,0,0,0,0,0,0,,0,1,1,8,8.00,0,0,0,0,,,1,1.8,1.8,1.3,,79,
353,Michael Burton,KAN,RB,30,3,0,0,0,0,0,0,2,8,4.00,0,1,1,2,2.00,0,0,0,0,,,1,2.0,2.0,1.5,,89,
354,Skyy Moore,KAN,WR,22,3,0,0,0,0,0,0,0,0,,0,1,1,30,30.00,0,1,1,0,,,1,2.0,3.0,1.5,,145,
355,Deonte Harty,NOR,WR,25,2,0,0,0,0,0,0,0,0,,0,2,2,13,6.50,0,0,0,0,,,1,3.3,3.3,2.3,,140,
356,Adam Trautman,NOR,TE,25,3,3,0,0,0,0,0,0,0,,0,1,1,9,9.00,0,0,0,0,,,1,1.9,1.9,1.4,,75,
357,Nick Vannett,NOR,TE,29,1,0,0,0,0,0,0,0,0,,0,1,1,5,5.00,0,0,0,0,,,1,1.5,1.5,1.0,,81,
358,Lil'Jordan Humphrey,NWE,WR,24,3,1,0,0,0,0,0,0,0,,0,3,1,11,11.00,0,0,0,0,,,1,2.1,2.1,1.6,,144,
359,Gary Brightwell,NYG,RB,23,3,0,0,0,0,0,0,1,14,14.00,0,0,0,0,,0,0,0,0,,,1,1.4,1.4,1.4,,88,
360,Wan'Dale Robinson,NYG,WR,21,1,0,0,0,0,0,0,0,0,,0,1,1,5,5.00,0,0,0,0,,,1,1.5,1.5,1.0,,148,
361,C.J. Uzomah,NYJ,TE,29,2,2,0,0,0,0,0,0,0,,0,1,1,5,5.00,0,0,0,0,,,1,1.5,1.5,1.0,,82,
362,Chigoziem Okonkwo,TEN,TE,23,3,0,0,0,0,0,0,1,-4,-4.00,0,1,1,11,11.00,0,0,0,0,,,1,1.7,1.7,1.2,,80,
363,Keelan Cole,LVR,WR,29,1,0,0,0,0,0,0,0,0,,0,4,1,12,12.00,0,0,0,0,,,1,2.2,2.2,1.7,,142,
364,Tylan Wallace,BAL,WR,23,3,0,0,0,0,0,0,0,0,,0,3,1,9,9.00,0,0,0,0,,,1,1.9,1.9,1.4,,146,
365,D'Wayne Eskridge,SEA,WR,25,3,0,0,0,0,0,0,0,0,,0,3,2,6,3.00,0,0,0,0,,,1,2.6,2.6,1.6,,147,
366,Tyler Kroft,SFO,TE,30,2,2,0,0,0,0,0,0,0,,0,2,1,9,9.00,0,0,0,0,,,1,1.9,1.9,1.4,,76,
367,Jordan Mason,SFO,RB,23,3,0,0,0,0,0,0,1,7,7.00,0,0,0,0,,0,0,0,0,,,1,0.7,0.7,0.7,,91,
368,Cole Beasley,TAM,WR,33,1,0,0,0,0,0,0,0,0,,0,4,3,12,4.00,0,0,0,0,,,1,4.2,4.2,2.7,,143,
369,Kyle Rudolph,TAM,TE,33,1,0,0,0,0,0,0,0,0,,0,1,1,12,12.00,0,0,0,0,,,1,2.2,2.2,1.7,,73,
371,Jonathan Williams,WAS,RB,28,3,0,0,0,0,0,0,1,6,6.00,0,0,0,0,,0,0,0,0,,,1,0.6,0.6,0.6,,92,
372,Bryan Edwards,ATL,WR,24,2,1,0,0,0,0,0,0,0,,0,3,1,2,2.00,0,0,0,0,,,,1.2,1.2,0.7,,152,
373,Feleipe Franks,ATL,,25,1,0,0,0,0,0,0,0,0,,0,0,0,0,,0,0,0,0,,,,,,,,38,
374,Caleb Huntley,ATL,RB,24,1,0,0,0,0,0,0,1,3,3.00,0,0,0,0,,0,0,0,0,,,,0.3,0.3,0.3,,96,
375,Damien Williams,ATL,RB,30,1,1,0,0,0,0,0,2,2,1.00,0,0,0,0,,0,0,0,0,,,,0.2,0.2,0.2,,97,
376,Taiwan Jones,BUF,,34,3,0,0,0,0,0,0,0,0,,0,0,0,0,,0,0,0,0,,,,,,,,103,
377,Case Keenum,BUF,QB,34,1,0,0,2,0,0,0,3,2,0.67,0,0,0,0,,0,0,0,0,,,,0.2,0.2,0.2,,37,
378,Tommy Sweeney,BUF,,27,1,0,0,0,0,0,0,0,0,,0,0,0,0,,0,0,0,0,,,,,,,,86,
379,Rashard Higgins,CAR,,28,1,0,0,0,0,0,0,0,0,,0,0,0,0,,0,0,0,0,,,,,,,,153,
380,Terrace Marshall Jr.,CAR,,22,1,0,0,0,0,0,0,0,0,,0,0,0,0,,0,0,0,0,,,,,,,,154,
381,Andre Roberts,CAR,,34,1,0,0,0,0,0,0,0,0,,0,0,0,0,,0,0,0,0,,,,,,,,155,
382,Khari Blasingame,CHI,,26,3,0,0,0,0,0,0,0,0,,0,0,0,0,,0,0,0,0,,,,,,,,104,
383,Ihmir Smith-Marsette,CHI,,23,3,0,0,0,0,0,0,0,0,,0,0,0,0,,0,0,0,0,,,,,,,,156,
384,Trevon Wesco,CHI,,27,2,0,0,0,0,0,0,0,0,,0,0,0,0,,0,0,0,0,,,,,,,,87,
385,Devin Asiasi,CIN,,25,1,0,0,0,0,0,0,0,0,,0,0,0,0,,0,0,0,0,,,,,,,,88,
386,Chris Evans,CIN,RB,25,3,0,0,0,0,0,0,0,0,,0,1,1,4,4.00,0,0,0,0,,,,1.4,1.4,0.9,,94,
387,Clark Harris,CIN,,38,1,0,0,0,0,0,0,0,0,,0,0,0,0,,0,0,0,0,,,,,,,,89,
388,Stanley Morgan Jr.,CIN,,26,3,0,0,0,0,0,0,0,0,,0,0,0,0,,0,0,0,0,,,,,,,,157,
389,Drew Sample,CIN,TE,26,2,2,0,0,0,0,0,0,0,,0,2,2,-2,-1.00,0,0,0,0,,,,1.8,1.8,0.8,,107,
390,Trent Taylor,CIN,,28,3,0,0,0,0,0,0,0,0,,0,0,0,0,,0,0,0,0,,,,,,,,158,
391,Demetric Felton,CLE,RB,24,2,0,0,0,0,0,0,1,-4,-4.00,0,2,1,3,3.00,0,1,0,0,,,,0.9,0.9,0.4,,120,
392,Jesse James,CLE,,28,2,0,0,0,0,0,0,0,0,,0,0,0,0,,0,0,0,0,,,,,,,,90,
393,D'Ernest Johnson,CLE,,26,1,0,0,0,0,0,0,0,0,,0,0,0,0,,0,0,0,0,,,,,,,,105,
394,Chester Rogers,CLE,,28,1,0,0,0,0,0,0,0,0,,0,0,0,0,,0,0,0,0,,,,,,,,159,
395,Keke Coutee,IND,,25,1,0,0,0,0,0,0,0,0,,0,0,0,0,,0,1,0,0,,,,,,,,160,
396,Nick Foles ,IND,,33,1,0,0,0,0,0,0,0,0,,0,0,0,0,,0,0,0,0,,,,,,,,39,
397,Deon Jackson,IND,RB,23,3,0,0,0,0,0,0,2,-3,-1.50,0,0,0,0,,0,0,0,0,,,,-0.3,-0.3,-0.3,,121,
398,Stephen Anderson,ARI,TE,29,3,0,0,0,0,0,0,0,0,,0,1,1,2,2.00,0,0,0,0,,,,1.2,1.2,0.7,,85,
399,Jonathan Ward,ARI,,25,3,0,0,0,0,0,0,0,0,,0,0,0,0,,0,0,0,0,,,,,,,,106,
400,Maxx Williams,ARI,,28,3,0,0,0,0,0,0,0,0,,0,0,0,0,,0,0,0,0,,,,,,,,91,
402,Rico Dowdle,DAL,,24,3,0,0,0,0,0,0,0,0,,0,0,0,0,,0,0,0,0,,,,,,,,107,
403,Sean McKeon,DAL,,25,1,0,0,0,0,0,0,0,0,,0,0,0,0,,0,0,0,0,,,,,,,,92,
404,Jalen Tolbert,DAL,WR,23,1,0,0,0,0,0,0,0,0,,0,2,1,4,4.00,0,0,0,0,,,,1.4,1.4,0.9,,149,
405,KaVontae Turpin,DAL,WR,26,3,0,0,0,0,0,0,1,3,3.00,0,0,0,0,,0,0,0,0,,,,0.3,0.3,0.3,,151,
406,Mike Boone,DEN,RB,27,3,0,0,0,0,0,0,0,0,,0,2,1,2,2.00,0,0,0,0,,,,1.2,1.2,0.7,,98,
407,KJ Hamler,DEN,,23,2,0,0,0,0,0,0,0,0,,0,1,0,0,,0,0,0,0,,,,,,,,161,
408,Eric Tomlinson,DEN,,30,3,2,0,0,0,0,0,0,0,,0,1,0,0,,0,0,0,0,,,,,,,,93,
409,Quintez Cephus,DET,,24,3,0,0,0,0,0,0,0,0,,0,0,0,0,,0,0,0,0,,,,,,,,162,
410,Justin Jackson,DET,,26,3,0,0,0,0,0,0,0,0,,0,0,0,0,,0,0,0,0,,,,,,,,108,
411,Kalif Raymond,DET,WR,28,3,0,0,0,0,0,0,0,0,,0,3,1,4,4.00,0,0,0,0,,,,1.4,1.4,0.9,,150,
412,Marcedes Lewis,GNB,,38,3,3,0,0,0,0,0,0,0,,0,0,0,0,,0,0,0,0,,,,,,,,94,
413,Amari Rodgers,GNB,,23,3,0,0,0,0,0,0,0,0,,0,0,0,0,,0,1,0,0,,,,,,,,163,
414,Chris Conley,HOU,,30,2,0,0,0,0,0,0,0,0,,0,2,0,0,,0,0,0,0,,,,,,,,164,
415,Dare Ogunbowale,HOU,,28,3,0,0,0,0,0,0,0,0,,0,0,0,0,,0,0,0,0,,,,,,,,109,
416,C.J. Beathard,JAX,QB,29,1,0,0,0,0,0,0,1,-1,-1.00,0,0,0,0,,0,0,0,0,,,,-0.1,-0.1,-0.1,,43,
417,Luke Farrell,JAX,,25,3,0,0,0,0,0,0,0,0,,0,0,0,0,,0,0,0,0,,,,,,,,95,
418,Jamycal Hasty,JAX,,26,3,0,0,0,0,0,0,0,0,,0,1,0,0,,0,0,0,0,,,,,,,,110,
419,Chris Manhertz,JAX,,30,3,1,0,0,0,0,0,0,0,,0,0,0,0,,0,0,0,0,,,,,,,,96,
420,Chad Henne,KAN,,37,1,0,0,0,0,0,0,0,0,,0,0,0,0,,0,1,0,0,,,,,,,,40,
421,Salvon Ahmed,MIA,,24,1,0,0,0,0,0,0,0,0,,0,0,0,0,,0,0,0,0,,,,,,,,111,
422,Teddy Bridgewater,MIA,QB,30,1,0,0,2,0,0,0,0,0,,0,0,0,0,,0,0,0,0,,,,,,,,41,
423,Cethan Carter,MIA,,27,1,0,0,0,0,0,0,0,0,,0,0,0,0,,0,0,0,0,,,,,,,,97,
424,Myles Gaskin,MIA,,25,1,0,0,0,0,0,0,0,0,,0,0,0,0,,0,0,0,0,,,,,,,,112,
425,Hunter Long,MIA,,24,1,0,0,0,0,0,0,0,0,,0,0,0,0,,0,0,0,0,,,,,,,,98,
426,Adam Prentice,NOR,RB,25,3,1,0,0,0,0,0,0,0,,0,1,1,2,2.00,0,1,0,0,,,,1.2,1.2,0.7,,99,
427,Matthew Slater,NWE,,37,3,0,0,0,0,0,0,0,0,,0,0,0,0,,0,0,0,0,,,,,,,,165,
428,Darius Slayton,NYG,,25,2,0,0,0,0,0,0,0,0,,0,0,0,0,,0,0,0,0,,,,,,,,166,
429,Antonio Williams,NYG,,25,2,0,0,0,0,0,0,0,0,,0,0,0,0,,0,0,0,0,,,,,,,,113,
430,Lawrence Cager,NYJ,,25,1,1,0,0,0,0,0,0,0,,0,1,0,0,,0,0,0,0,,,,,,,,167,
431,Justin Hardee,NYJ,,28,3,0,0,0,0,0,0,0,0,,0,0,0,0,,0,0,0,0,,,,,,,,168,
433,Ty Johnson,NYJ,RB,25,3,0,0,0,0,0,0,0,0,,0,3,1,4,4.00,0,0,0,0,,,,1.4,1.4,0.9,,95,
434,Trenton Cannon,TEN,,28,2,0,0,0,0,0,0,0,0,,0,0,0,0,,0,0,0,0,,,,,,,,114,
435,Josh Gordon,TEN,,31,2,0,0,0,0,0,0,0,0,,0,1,0,0,,0,0,0,0,,,,,,,,169,
436,Kevin Rader,TEN,,27,1,0,0,0,0,0,0,0,0,,0,0,0,0,,0,0,0,0,,,,,,,,99,
437,Malik Willis,TEN,QB,23,1,0,1,4,6,0,0,4,16,4.00,0,0,0,0,,0,1,1,0,,,,-0.2,0.8,-0.2,,44,
438,Jack Stoll,PHI,TE,24,3,1,0,0,0,0,0,0,0,,0,2,1,4,4.00,0,0,0,0,,,,1.4,1.4,0.9,,83,
439,Noah Togiai,PHI,,25,2,0,0,0,0,0,0,0,0,,0,1,0,0,,0,0,0,0,,,,,,,,100,
440,Miles Boykin,PIT,,26,3,0,0,0,0,0,0,0,0,,0,1,0,0,,0,0,0,0,,,,,,,,170,
441,Gunner Olszewski,PIT,WR,26,3,0,0,0,0,0,0,1,18,18.00,0,0,0,0,,0,1,1,0,,,,-0.2,0.8,-0.2,,180,
442,Benny Snell Jr.,PIT,,24,3,0,0,0,0,0,0,0,0,,0,0,0,0,,0,0,0,0,,,,,,,,115,
443,Derek Watt,PIT,RB,30,3,0,0,0,0,0,0,1,2,2.00,0,0,0,0,,0,0,0,0,,,,0.2,0.2,0.2,,100,
444,Jesper Horsted,LVR,,25,3,0,0,0,0,0,0,0,0,,0,0,0,0,,0,0,0,0,,,,,,,,171,
445,Jakob Johnson,LVR,RB,28,3,1,0,0,0,0,0,0,0,,0,1,1,1,1.00,0,0,0,0,,,,1.1,1.1,0.6,,102,
446,Tyron Johnson,LVR,,26,1,0,0,0,0,0,0,0,0,,0,0,0,0,,0,0,0,0,,,,,,,,172,
447,Zamir White,LVR,RB,23,3,0,0,0,0,0,0,1,2,2.00,0,0,0,0,,0,0,0,0,,,,0.2,0.2,0.2,,101,
448,Tutu Atwell,LAR,,23,3,0,0,0,0,0,0,0,0,,0,2,0,0,,0,0,0,0,,,,,,,,173,
449,Jake Funk,LAR,,24,3,0,0,0,0,0,0,0,0,,0,0,0,0,,0,0,0,0,,,,,,,,116,
450,Jacob Harris,LAR,,25,2,0,0,0,0,0,0,0,0,,0,0,0,0,,0,0,0,0,,,,,,,,101,
451,Brycen Hopkins,LAR,,25,2,0,0,0,0,0,0,0,0,,0,0,0,0,,0,0,0,0,,,,,,,,102,
452,Matthew Orzech,LAR,,27,3,0,0,0,0,0,0,0,0,,0,0,0,0,,0,0,0,0,,,,,,,,103,
453,Keir Thomas,LAR,,24,2,0,0,0,0,0,0,0,0,,0,0,0,0,,0,0,0,0,,,,,,,,174,
454,Nick Boyle,BAL,,29,1,0,0,0,0,0,0,0,0,,0,0,0,0,,0,0,0,0,,,,,,,,104,
455,James Proche,BAL,,26,1,0,0,0,0,0,0,0,0,,0,0,0,0,,0,0,0,0,,,,,,,,175,
456,Chase Daniel,LAC,,36,1,0,0,0,0,0,0,0,0,,0,0,0,0,,0,0,0,0,,,,,,,,42,
457,Jason Moore,LAC,,27,1,0,0,0,0,0,0,0,0,,0,0,0,0,,0,0,0,0,,,,,,,,176,
458,Richard Rodgers,LAC,,30,3,0,0,0,0,0,0,0,0,,0,1,0,0,,0,0,0,0,,,,,,,,105,
459,Marlon Mack,SFO,,26,1,0,0,0,0,0,0,0,0,,0,0,0,0,,0,0,0,0,,,,,,,,117,
460,Malik Turner,SFO,,26,1,0,0,0,0,0,0,0,0,,0,0,0,0,,0,0,0,0,,,,,,,,177,
461,Charlie Woerner,SFO,,25,3,0,0,0,0,0,0,0,0,,0,0,0,0,,0,0,0,0,,,,,,,,106,
462,Giovani Bernard,TAM,,31,2,0,0,0,0,0,0,0,0,,0,0,0,0,,0,0,0,0,,,,,,,,118,
464,Cade Otton,TAM,TE,23,2,2,0,0,0,0,0,0,0,,0,2,1,4,4.00,0,0,0,0,,,,1.4,1.4,0.9,,84,
465,Ke'Shawn Vaughn,TAM,,25,1,0,0,0,0,0,0,0,0,,0,0,0,0,,0,0,0,0,,,,,,,,119,
466,Dyami Brown,WAS,,23,3,0,0,0,0,0,0,0,0,,0,0,0,0,,0,0,0,0,,,,,,,,178,
467,Cam Sims,WAS,,26,3,0,0,0,0,0,0,0,0,,0,3,0,0,,0,0,0,0,,,,,,,,179,
